{
  "model_type": "fixed_dynamic_threshold",
  "optimal_threshold": 0.45,
  "max_class_weight": 5.0,
  "best_epoch": 0,
  "best_f1": 0.17526974317410465,
  "final_pos_weight": 5.0,
  "confusion_matrix": [
    [
      0,
      390744
    ],
    [
      0,
      41520
    ]
  ],
  "training_time_seconds": 98.39914512634277,
  "data_statistics": {
    "data_mean": 0.0674029141664505,
    "data_std": 0.2209109365940094,
    "anomaly_ratio": 0.06891693412391883
  }
}